{
    "widgets": [
        {
            "height": 6,
            "width": 24,
            "y": 0,
            "x": 0,
            "type": "metric",
            "properties": {
                "metrics": [
                    [ "AWS/CloudHSM", "InterfaceEth2PacketsInput", "ClusterId", "$CLUSTER_ID" ],
                    [ ".", "InterfaceEth2PacketsOutput", ".", "." ],
                    [ ".", "HsmSessionCount", ".", ".", { "yAxis": "right" } ],
                    [ ".", "HsmKeysSessionOccupied", ".", ".", { "yAxis": "right" } ]
                ],
                "view": "timeSeries",
                "stacked": false,
                "region": "$AWS_REGION",
                "stat": "Average",
                "period": 300,
                "title": "HsmKeysSessionOccupied, HsmSessionCount, InterfaceEth2PacketsInput, InterfaceEth2PacketsOutput"
            }
        },
        {
            "height": 9,
            "width": 24,
            "y": 15,
            "x": 0,
            "type": "log",
            "properties": {
                "query": "SOURCE '/aws/cloudhsm/$CLUSTER_ID' | fields @timestamp, @message\n| sort @timestamp desc\n| parse @message /Time: (?<time>[\\d\\/\\:\\s\\.]+)\\,\\s+usecs:(?<usecs>[\\d]+)\\s+[^:]+.{2}(?<sequence>[a-z\\d]+)[^:]+.{2}(?<reboot_count>.[a-z\\d]+)[^:]+.{2}(?<command_type>\\w+)[^0]+(?<command_type_hex>[a-z\\d]+)[^:]+.{2}(?<opcode>\\w+)[^0]+(?<opcode_hex>[a-z\\d]+)[^:]+.{2}(?<session_handle>[a-z\\d]+)[^:]+.{2}(?<hsm_id>\\d+):HSM \\w+: (?<response>[\\w\\s]+)[^:]+.{2}(?<log_type>\\w+)[^\\d]+(?<log_type_code>[\\d]+)/\n| limit 20\n| filter command_type_hex != \"0xeee2\"\n| display @timestamp,sequence,command_type,opcode,session_handle,hsm_id,response,log_type",
                "region": "$AWS_REGION",
                "stacked": false,
                "title": "Operations",
                "view": "table"
            }
        },
        {
            "height": 9,
            "width": 12,
            "y": 6,
            "x": 0,
            "type": "log",
            "properties": {
                "query": "SOURCE '/aws/cloudhsm/$CLUSTER_ID' | fields opcode\n| stats count(*) by opcode\n| filter command_type != \"TIME_INFO_CMD\"\n| parse @message /Time: (?<time>[\\d\\/\\:\\s\\.]+)\\,\\s+usecs:(?<usecs>[\\d]+)\\s+[^:]+.{2}(?<sequence>[a-z\\d]+)[^:]+.{2}(?<reboot_count>.[a-z\\d]+)[^:]+.{2}(?<command_type>\\w+)[^0]+(?<command_type_hex>[a-z\\d]+)[^:]+.{2}(?<opcode>\\w+)[^0]+(?<opcode_hex>[a-z\\d]+)[^:]+.{2}(?<session_handle>[a-z\\d]+)[^:]+.{2}(?<hsm_id>\\d):HSM Return: (?<response>\\w+)[^:]+.{2}(?<log_type>\\w+)[^\\d]+(?<log_type_code>[\\d]+)/",
                "region": "$AWS_REGION",
                "title": "Operations by Type",
                "view": "pie"
            }
        },
        {
            "height": 9,
            "width": 24,
            "y": 24,
            "x": 0,
            "type": "log",
            "properties": {
                "query": "SOURCE '/aws/cloudhsm/$CLUSTER_ID' | fields @timestamp, @message\n| sort @timestamp desc\n| filter opcode like \"CN_LOG\"\n| parse @message /Time: (?<time>[\\d\\/\\:\\s\\.]+)\\,\\s+usecs:(?<usecs>[\\d]+)\\s+[^:]+.{2}(?<sequence>[a-z\\d]+)[^:]+.{2}(?<reboot_count>.[a-z\\d]+)[^:]+.{2}(?<command_type>\\w+)[^0]+(?<command_type_hex>[a-z\\d]+)[^:]+.{2}(?<opcode>\\w+)[^0]+(?<opcode_hex>[a-z\\d]+)[^:]+.{2}(?<session_handle>[a-z\\d]+)[^:]+.{2}(?<hsm_id>\\d):HSM Return: (?<response>\\w+)[^:]+.{2}(?<log_type>\\w+)[^\\d]+(?<log_type_code>[\\d]+)[^:]+.{2}(?<user_name>\\w+)[^:]+.{2}(?<user_type>\\w+)[^\\d]+(?<user_type_code>[\\d]+)/\n| limit 20\n| display @timestamp, hsm_id,sequence,user_type,user_name,opcode,response",
                "region": "$AWS_REGION",
                "title": "LogIn - LogOut",
                "view": "table"
            }
        },
        {
            "height": 9,
            "width": 12,
            "y": 6,
            "x": 12,
            "type": "log",
            "properties": {
                "query": "SOURCE '/aws/cloudhsm/$CLUSTER_ID' | fields @timestamp, @message\n| sort @timestamp desc\n| filter opcode like \"CN_LOG\"\n| parse @message /Time: (?<time>[\\d\\/\\:\\s\\.]+)\\,\\s+usecs:(?<usecs>[\\d]+)\\s+[^:]+.{2}(?<sequence>[a-z\\d]+)[^:]+.{2}(?<reboot_count>.[a-z\\d]+)[^:]+.{2}(?<command_type>\\w+)[^0]+(?<command_type_hex>[a-z\\d]+)[^:]+.{2}(?<opcode>\\w+)[^0]+(?<opcode_hex>[a-z\\d]+)[^:]+.{2}(?<session_handle>[a-z\\d]+)[^:]+.{2}(?<hsm_id>\\d):HSM Return: (?<response>\\w+)[^:]+.{2}(?<log_type>\\w+)[^\\d]+(?<log_type_code>[\\d]+)[^:]+.{2}(?<user_name>\\w+)[^:]+.{2}(?<user_type>\\w+)[^\\d]+(?<user_type_code>[\\d]+)/\n| stats count(*) by user_name",
                "region": "$AWS_REGION",
                "title": "Operations by User",
                "view": "pie"
            }
        }
    ]
}